Country,Revenue,"Total Players",ARPU
Bhutan,3452,153,22.562091503267975
Madagascar,4522,180,25.122222222222224
Guatemala,4929,183,26.934426229508198
